2015 City,2015 scraper
,24O15000001
,24O15000002
,24O15000003
,24O15000004
,24O15000005
,24O15000006
,24O15000007
,24O15000008
,24O15000009
,24O15000010
,24O15000011
,24O15000012
,24O15000013
,24O15000014
,24O15000015
,24O15000016
,24O15000017
,24O15000018
,24O15000019
,24O15000020
,24O15000021
,24O15000022
,24O15000023
,24O15000024
,24O15000025
,24O15000026
,24O15000027
,24O15000028
,24O15000029
,24O15000030
,24O15000031
,24O15000032
,24O15000033
,24O15000034
,24O15000035
,24O15000036
,24O15000037
,24O15000038
,24O15000039
,24O15000040
,24O15000041
,24O15000042
,24O15000043
,24O15000044
,24O15000045
,24O15000046
,24O15000047
,24O15000048
,24O15000049
,24O15000050
,24O15000051
,24O15000052
,24O15000053
,24O15000054
,24O15000055
,24O15000056
,24O15000057
,24O15000058
,24O15000059
,24O15000060
,24O15000061
,24O15000062
,24O15000063
,24O15000064
,24O15000065
,24O15000066
,24O15000067
,24O15000068
,24O15000069
,24O15000070
,24O15000071
,24O15000072
,24O15000073
,24O15000074
,24O15000075
,24O15000076
,24O15000077
,24O15000078
,24O15000079
,24O15000080
,24O15000081
,24O15000082
,24O15000083
,24O15000084
,24O15000085
,24O15000086
,24O15000087
,24O15000088
,24O15000089
,24O15000090
,24O15000091
,24O15000092
,24O15000093
,24O15000094
,24O15000095
,24O15000096
,24O15000097
,24O15000098
,24O15000099
,24O15000100
,24O15000101
,24O15000102
,24O15000103
,24O15000104
,24O15000105
,24O15000106
,24O15000107
,24O15000108
,24O15000109
,24O15000110
,24O15000111
,24O15000112
,24O15000113
,24O15000114
,24O15000115
,24O15000116
,24O15000117
,24O15000118
,24O15000119
,24O15000120
,24O15000121
,24O15000122
,24O15000123
,24O15000124
,24O15000125
,24O15000126
,24O15000127
,24O15000128
,24O15000129
,24O15000130
,24O15000131
,24O15000132
,24O15000133
,24O15000134
,24O15000135
,24O15000136
,24O15000137
,24O15000138
,24O15000139
,24O15000140
,24O15000141
,24O15000142
,24O15000143
,24O15000144
,24O15000145
,24O15000146
,24O15000147
,24O15000148
,24O15000149
,24O15000150
,24O15000151
,24O15000152
,24O15000153
,24O15000154
,24O15000155
,24O15000156
,24O15000157
,24O15000158
,24O15000159
,24O15000160
,24O15000161
,24O15000162
,24O15000163
,24O15000164
,24O15000165
,24O15000166
,24O15000167
,24O15000168
,24O15000169
,24O15000170
,24O15000171
,24O15000172
,24O15000173
,24O15000174
,24O15000175
,24O15000176
,24O15000177
,24O15000178
,24O15000179
,24O15000180
,24O15000181
,24O15000182
,24O15000183
,24O15000184
,24O15000185
,24O15000186
,24O15000187
,24O15000188
,24O15000189
,24O15000190
,24O15000191
,24O15000192
,24O15000193
,24O15000194
,24O15000195
,24O15000196
,24O15000197
,24O15000198
,24O15000199
,24O15000200
,24O15000201
,24O15000202
,24O15000203
,24O15000204
,24O15000205
,24O15000206
,24O15000207
,24O15000208
,24O15000209
,24O15000210
,24O15000211
,24O15000212
,24O15000213
,24O15000214
,24O15000215
,24O15000216
,24O15000217
,24O15000218
,24O15000219
,24O15000220
,24O15000221
,24O15000222
,24O15000223
,24O15000224
,24O15000225
,24O15000226
,24O15000227
,24O15000228
,24O15000229
,24O15000230
,24O15000231
,24O15000232
,24O15000233
,24O15000234
,24O15000235
,24O15000236
,24O15000237
,24O15000238
,24O15000239
,24O15000240
,24O15000241
,24O15000242
,24O15000243
,24O15000244
,24O15000245
,24O15000246
,24O15000247
,24O15000248
,24O15000249
,24O15000250
,24O15000251
,24O15000252
,24O15000253
,24O15000254
,24O15000255
,24O15000256
,24O15000257
,24O15000258
,24O15000259
,24O15000260
,24O15000261
,24O15000262
,24O15000263
,24O15000264
,24O15000265
,24O15000266
,24O15000267
,24O15000268
,24O15000269
,24O15000270
,24O15000271
,24O15000272
,24O15000273
,24O15000274
,24O15000275
,24O15000276
,24O15000277
,24O15000278
,24O15000279
,24O15000280
,24O15000281
,24O15000282
,24O15000283
,24O15000284
,24O15000285
,24O15000286
,24O15000287
,24O15000288
,24O15000289
,24O15000290
,24O15000291
,24O15000292
,24O15000293
,24O15000294
,24O15000295
,24O15000296
,24O15000297
,24O15000298
,24O15000299
,24O15000300
,24O15000301
,24O15000302
,24O15000303
,24O15000304
,24O15000305
,24O15000306
,24O15000307
,24O15000308
,24O15000309
,24O15000310
,24O15000311
,24O15000312
,24O15000313
,24O15000314
,24O15000315
,24O15000316
,24O15000317
,24O15000318
,24O15000319
,24O15000320
,24O15000321
,24O15000322
,24O15000323
,24O15000324
,24O15000325
,24O15000326
,24O15000327
,24O15000328
,24O15000329
,24O15000330
,24O15000331
,24O15000332
,24O15000333
,24O15000334
,24O15000335
,24O15000336
,24O15000337
,24O15000338
,24O15000339
,24O15000340
,24O15000341
,24O15000342
,24O15000343
,24O15000344
,24O15000345
,24O15000346
,24O15000347
,24O15000348
,24O15000349
,24O15000350
,24O15000351
,24O15000352
,24O15000353
,24O15000354
,24O15000355
,24O15000356
,24O15000357
,24O15000358
,24O15000359
,24O15000360
,24O15000361
,24O15000362
,24O15000363
,24O15000364
,24O15000365
,24O15000366
,24O15000367
,24O15000368
,24O15000369
,24O15000370
,24O15000371
,24O15000372
,24O15000373
,24O15000374
,24O15000375
,24O15000376
,24O15000377
,24O15000378
,24O15000379
,24O15000380
,24O15000381
,24O15000382
,24O15000383
,24O15000384
,24O15000385
,24O15000386
,24O15000387
,24O15000388
,24O15000389
,24O15000390
,24O15000391
,24O15000392
,24O15000393
,24O15000394
,24O15000395
,24O15000396
,24O15000397
,24O15000398
,24O15000399
,24O15000400
,24O15000401
,24O15000402
,24O15000403
,24O15000404
,24O15000405
,24O15000406
,24O15000407
,24O15000408
,24O15000409
,24O15000410
,24O15000411
,24O15000412
,24O15000413
,24O15000414
,24O15000415
,24O15000416
,24O15000417
,24O15000418
,24O15000419
,24O15000420
,24O15000421
,24O15000422
,24O15000423
,24O15000424
,24O15000425
,24O15000426
,24O15000427
,24O15000428
,24O15000429
,24O15000430
,24O15000431
,24O15000432
,24O15000433
,24O15000434
,24O15000435
,24O15000436
,24O15000437
,24O15000438
,24O15000439
,24O15000440
,24O15000441
,24O15000442
,24O15000443
,24O15000444
,24O15000445
,24O15000446
,24O15000447
,24O15000448
,24O15000449
,24O15000450
,24O15000451
,24O15000452
,24O15000453
,24O15000454
,24O15000455
,24O15000456
,24O15000457
,24O15000458
,24O15000459
,24O15000460
,24O15000461
,24O15000462
,24O15000463
,24O15000464
,24O15000465
,24O15000466
,24O15000467
,24O15000468
,24O15000469
,24O15000470
,24O15000471
,24O15000472
,24O15000473
,24O15000474
,24O15000475
,24O15000476
,24O15000477
,24O15000478
,24O15000479
,24O15000480
,24O15000481
,24O15000482
,24O15000483
,24O15000484
,24O15000485
,24O15000486
,24O15000487
,24O15000488
,24O15000489
,24O15000490
,24O15000491
,24O15000492
,24O15000493
,24O15000494
,24O15000495
,24O15000496
,24O15000497
,24O15000498
,24O15000499
,24O15000500
,24O15000501
,24O15000502
,24O15000503
,24O15000504
,24O15000505
,24O15000506
,24O15000507
,24O15000508
,24O15000509
,24O15000510
,24O15000511
,24O15000512
,24O15000513
,24O15000514
,24O15000515
,24O15000516
,24O15000517
,24O15000518
,24O15000519
,24O15000520
,24O15000521
,24O15000522
,24O15000523
,24O15000524
,24O15000525
,24O15000526
24O15000527,24O15000527
24O15000528,24O15000528
24O15000529,24O15000529
24O15000530,24O15000530
24O15000531,24O15000531
24O15000532,24O15000532
24O15000533,24O15000533
24O15000534,24O15000534
24O15000535,24O15000535
24O15000536,24O15000536
24O15000537,24O15000537
24O15000538,24O15000538
24O15000539,24O15000539
24O15000540,24O15000540
24O15000541,24O15000541
24O15000542,24O15000542
24O15000543,24O15000543
24O15000544,24O15000544
24O15000545,24O15000545
24O15000546,24O15000546
24O15000547,24O15000547
24O15000548,24O15000548
24O15000549,24O15000549
24O15000550,24O15000550
24O15000551,24O15000551
24O15000552,24O15000552
24O15000553,24O15000553
24O15000554,24O15000554
24O15000555,24O15000555
24O15000556,24O15000556
24O15000557,24O15000557
24O15000558,24O15000558
24O15000559,24O15000559
24O15000560,24O15000560
24O15000561,24O15000561
24O15000562,24O15000562
24O15000563,24O15000563
24O15000564,24O15000564
24O15000565,24O15000565
24O15000566,24O15000566
24O15000567,24O15000567
24O15000568,24O15000568
24O15000569,24O15000569
24O15000570,24O15000570
24O15000571,24O15000571
24O15000572,24O15000572
24O15000573,24O15000573
24O15000574,24O15000574
24O15000575,24O15000575
24O15000576,24O15000576
24O15000577,24O15000577
24O15000578,24O15000578
24O15000579,24O15000579
24O15000579,
24O15000580,24O15000580
24O15000580,
24O15000581,24O15000581
24O15000582,24O15000582
24O15000583,24O15000583
24O15000584,24O15000584
24O15000585,24O15000585
24O15000586,24O15000586
24O15000587,24O15000587
24O15000588,24O15000588
24O15000589,24O15000589
24O15000590,24O15000590
24O15000591,24O15000591
24O15000592,24O15000592
24O15000593,24O15000593
24O15000594,24O15000594
24O15000595,24O15000595
24O15000596,24O15000596
24O15000597,24O15000597
24O15000598,24O15000598
24O15000599,24O15000599
24O15000600,24O15000600
24O15000601,24O15000601
24O15000602,24O15000602
24O15000603,24O15000603
24O15000604,24O15000604
24O15000605,24O15000605
24O15000606,24O15000606
24O15000607,24O15000607
24O15000608,24O15000608
24O15000609,24O15000609
24O15000610,24O15000610
24O15000611,24O15000611
24O15000612,24O15000612
24O15000613,24O15000613
24O15000614,24O15000614
24O15000615,24O15000615
24O15000616,24O15000616
24O15000617,24O15000617
24O15000618,24O15000618
24O15000619,24O15000619
24O15000620,24O15000620
24O15000621,24O15000621
24O15000622,24O15000622
24O15000623,24O15000623
24O15000624,24O15000624
24O15000625,24O15000625
24O15000626,24O15000626
24O15000627,24O15000627
24O15000628,24O15000628
24O15000629,24O15000629
24O15000630,24O15000630
24O15000631,24O15000631
24O15000632,24O15000632
24O15000633,24O15000633
24O15000634,24O15000634
24O15000635,24O15000635
24O15000636,24O15000636
24O15000637,24O15000637
24O15000638,24O15000638
24O15000639,24O15000639
24O15000640,24O15000640
24O15000641,24O15000641
24O15000642,24O15000642
24O15000643,24O15000643
24O15000644,24O15000644
24O15000645,24O15000645
24O15000646,24O15000646
24O15000647,24O15000647
24O15000648,24O15000648
24O15000649,24O15000649
24O15000650,24O15000650
24O15000651,24O15000651
24O15000652,24O15000652
24O15000653,24O15000653
24O15000654,24O15000654
24O15000655,24O15000655
24O15000656,24O15000656
24O15000657,24O15000657
24O15000658,24O15000658
24O15000659,24O15000659
24O15000660,24O15000660
24O15000661,24O15000661
24O15000662,24O15000662
24O15000663,24O15000663
24O15000664,24O15000664
24O15000665,24O15000665
24O15000666,24O15000666
24O15000667,24O15000667
24O15000668,24O15000668
24O15000669,24O15000669
24O15000670,24O15000670
24O15000671,24O15000671
24O15000672,24O15000672
24O15000673,24O15000673
24O15000674,24O15000674
24O15000675,24O15000675
24O15000676,24O15000676
24O15000677,24O15000677
24O15000678,24O15000678
24O15000679,24O15000679
24O15000680,24O15000680
24O15000681,24O15000681
24O15000682,24O15000682
24O15000683,24O15000683
24O15000684,24O15000684
24O15000685,24O15000685
24O15000686,24O15000686
24O15000687,24O15000687
24O15000688,24O15000688
24O15000689,24O15000689
24O15000690,24O15000690
24O15000691,24O15000691
24O15000692,24O15000692
24O15000693,24O15000693
24O15000694,24O15000694
24O15000695,24O15000695
24O15000696,24O15000696
24O15000697,24O15000697
24O15000698,24O15000698
24O15000699,24O15000699
24O15000700,24O15000700
24O15000701,24O15000701
24O15000702,24O15000702
24O15000703,24O15000703
24O15000704,24O15000704
24O15000705,24O15000705
24O15000706,24O15000706
24O15000707,24O15000707
24O15000708,24O15000708
24O15000709,24O15000709
24O15000710,24O15000710
24O15000711,24O15000711
24O15000712,24O15000712
24O15000713,24O15000713
24O15000714,24O15000714
24O15000715,24O15000715
,24O15000715
24O15000716,24O15000716
24O15000716,
24O15000717,24O15000717
24O15000718,24O15000718
24O15000719,24O15000719
24O15000720,24O15000720
24O15000721,24O15000721
24O15000722,24O15000722
24O15000723,24O15000723
24O15000724,24O15000724
24O15000725,24O15000725
24O15000726,24O15000726
24O15000727,24O15000727
24O15000728,24O15000728
24O15000729,24O15000729
24O15000730,24O15000730
24O15000731,24O15000731
24O15000732,24O15000732
24O15000733,24O15000733
24O15000734,24O15000734
24O15000735,24O15000735
24O15000736,24O15000736
24O15000737,24O15000737
24O15000738,24O15000738
24O15000739,24O15000739
24O15000740,24O15000740
24O15000741,24O15000741
24O15000742,24O15000742
24O15000743,24O15000743
24O15000744,24O15000744
24O15000745,24O15000745
24O15000746,24O15000746
24O15000747,24O15000747
24O15000748,24O15000748
24O15000749,24O15000749
24O15000750,24O15000750
24O15000751,24O15000751
24O15000752,24O15000752
24O15000753,24O15000753
24O15000754,24O15000754
24O15000755,24O15000755
24O15000756,24O15000756
24O15000757,24O15000757
24O15000758,24O15000758
24O15000759,24O15000759
24O15000760,24O15000760
24O15000761,24O15000761
24O15000762,24O15000762
24O15000763,24O15000763
24O15000764,24O15000764
24O15000765,24O15000765
24O15000766,24O15000766
24O15000767,24O15000767
24O15000768,24O15000768
24O15000769,24O15000769
24O15000770,24O15000770
24O15000771,24O15000771
24O15000772,24O15000772
24O15000773,24O15000773
24O15000774,24O15000774
24O15000775,24O15000775
24O15000776,24O15000776
24O15000777,24O15000777
24O15000778,24O15000778
24O15000779,24O15000779
24O15000780,24O15000780
24O15000781,24O15000781
24O15000782,24O15000782
24O15000783,24O15000783
24O15000784,24O15000784
24O15000785,24O15000785
24O15000786,24O15000786
24O15000787,24O15000787
24O15000788,24O15000788
24O15000789,24O15000789
24O15000790,24O15000790
24O15000791,24O15000791
24O15000792,24O15000792
24O15000793,24O15000793
24O15000794,24O15000794
24O15000795,24O15000795
24O15000796,24O15000796
24O15000797,24O15000797
24O15000798,24O15000798
24O15000799,24O15000799
24O15000800,24O15000800
24O15000801,24O15000801
24O15000802,24O15000802
24O15000803,24O15000803
24O15000804,24O15000804
24O15000805,24O15000805
24O15000806,24O15000806
24O15000807,24O15000807
24O15000808,24O15000808
24O15000809,24O15000809
24O15000810,24O15000810
24O15000811,24O15000811
24O15000812,24O15000812
24O15000813,24O15000813
24O15000814,24O15000814
24O15000815,24O15000815
24O15000816,24O15000816
24O15000817,24O15000817
24O15000818,24O15000818
24O15000819,24O15000819
24O15000820,24O15000820
24O15000821,24O15000821
24O15000822,24O15000822
24O15000823,24O15000823
24O15000824,24O15000824
24O15000825,24O15000825
24O15000826,24O15000826
24O15000827,24O15000827
24O15000828,24O15000828
24O15000829,24O15000829
24O15000830,24O15000830
24O15000831,24O15000831
24O15000832,24O15000832
24O15000833,24O15000833
24O15000834,24O15000834
24O15000835,24O15000835
24O15000836,24O15000836
24O15000837,24O15000837
24O15000838,24O15000838
24O15000839,24O15000839
24O15000840,24O15000840
24O15000841,24O15000841
24O15000842,24O15000842
24O15000843,24O15000843
24O15000844,24O15000844
24O15000845,24O15000845
24O15000846,24O15000846
24O15000847,24O15000847
24O15000848,24O15000848
24O15000849,24O15000849
24O15000850,24O15000850
24O15000851,24O15000851
24O15000852,24O15000852
24O15000853,24O15000853
24O15000854,24O15000854
24O15000855,24O15000855
24O15000856,24O15000856
24O15000857,24O15000857
24O15000858,24O15000858
24O15000859,24O15000859
24O15000860,24O15000860
24O15000861,24O15000861
24O15000862,24O15000862
24O15000863,24O15000863
24O15000864,24O15000864
24O15000865,24O15000865
24O15000866,24O15000866
24O15000867,24O15000867
24O15000868,24O15000868
24O15000869,24O15000869
24O15000870,24O15000870
24O15000871,24O15000871
24O15000872,24O15000872
24O15000873,24O15000873
24O15000874,24O15000874
24O15000875,24O15000875
24O15000876,24O15000876
24O15000877,24O15000877
24O15000878,24O15000878
24O15000879,24O15000879
24O15000880,24O15000880
24O15000881,24O15000881
24O15000882,24O15000882
24O15000883,24O15000883
24O15000884,24O15000884
24O15000885,24O15000885
24O15000886,24O15000886
24O15000887,24O15000887
24O15000888,24O15000888
24O15000889,24O15000889
24O15000890,24O15000890
24O15000891,24O15000891
24O15000892,24O15000892
24O15000893,24O15000893
24O15000894,24O15000894
24O15000895,24O15000895
24O15000896,24O15000896
24O15000897,24O15000897
24O15000898,24O15000898
24O15000899,24O15000899
24O15000900,24O15000900
24O15000901,24O15000901
24O15000902,24O15000902
24O15000903,24O15000903
24O15000904,24O15000904
24O15000905,24O15000905
24O15000906,24O15000906
24O15000907,24O15000907
24O15000908,24O15000908
24O15000909,24O15000909
24O15000910,24O15000910
24O15000911,24O15000911
24O15000912,24O15000912
24O15000913,24O15000913
24O15000914,24O15000914
24O15000915,24O15000915
24O15000916,24O15000916
24O15000917,24O15000917
24O15000918,24O15000918
24O15000919,24O15000919
24O15000920,24O15000920
24O15000921,24O15000921
24O15000922,24O15000922
24O15000923,24O15000923
24O15000924,24O15000924
24O15000925,24O15000925
24O15000926,24O15000926
24O15000927,24O15000927
24O15000928,24O15000928
24O15000929,24O15000929
24O15000930,24O15000930
24O15000931,24O15000931
,24O15000932
,24O15000933
,24O15000934
,24O15000935
,24O15000936
,24O15000937
,24O15000938
,24O15000939
,24O15000940
,24O15000941
,24O15000942
,24O15000943
,24O15000944
,24O15000945
,24O15000946
,24O15000947
,24O15000948
,24O15000949
,24O15000950
,24O15000951
,24O15000952
,24O15000953
24O15000954,24O15000954
24O15000955,24O15000955
24O15000955,
24O15000956,24O15000956
24O15000957,24O15000957
24O15000958,24O15000958
24O15000959,24O15000959
24O15000960,24O15000960
24O15000961,24O15000961
24O15000962,24O15000962
24O15000963,24O15000963
24O15000964,24O15000964
24O15000965,24O15000965
24O15000966,24O15000966
24O15000967,24O15000967
24O15000968,24O15000968
24O15000969,24O15000969
24O15000970,24O15000970
24O15000971,24O15000971
24O15000972,24O15000972
24O15000973,24O15000973
24O15000974,24O15000974
24O15000975,24O15000975
24O15000976,24O15000976
24O15000977,24O15000977
24O15000978,24O15000978
24O15000979,24O15000979
24O15000980,24O15000980
24O15000981,24O15000981
24O15000982,24O15000982
24O15000983,24O15000983
24O15000984,24O15000984
24O15000985,24O15000985
24O15000986,24O15000986
24O15000987,24O15000987
24O15000988,24O15000988
24O15000989,24O15000989
24O15000990,24O15000990
24O15000991,24O15000991
24O15000992,24O15000992
24O15000993,24O15000993
24O15000994,24O15000994
24O15000995,24O15000995
24O15000996,24O15000996
24O15000997,24O15000997
24O15000998,24O15000998
24O15000999,24O15000999
24O15001000,24O15001000
24O15001001,24O15001001
24O15001002,24O15001002
24O15001003,24O15001003
24O15001004,24O15001004
24O15001005,24O15001005
24O15001006,24O15001006
24O15001007,24O15001007
24O15001008,24O15001008
24O15001009,24O15001009
24O15001010,24O15001010
24O15001011,24O15001011
24O15001012,24O15001012
24O15001013,24O15001013
24O15001014,24O15001014
24O15001015,24O15001015
24O15001016,24O15001016
24O15001017,24O15001017
24O15001018,24O15001018
24O15001019,24O15001019
24O15001020,24O15001020
24O15001021,24O15001021
24O15001022,24O15001022
24O15001023,24O15001023
24O15001024,24O15001024
24O15001025,24O15001025
24O15001026,24O15001026
24O15001027,24O15001027
24O15001028,24O15001028
24O15001029,24O15001029
24O15001030,24O15001030
24O15001031,24O15001031
24O15001032,24O15001032
24O15001033,24O15001033
24O15001034,24O15001034
24O15001035,24O15001035
24O15001036,24O15001036
24O15001037,24O15001037
24O15001038,24O15001038
24O15001039,24O15001039
24O15001040,24O15001040
24O15001041,24O15001041
24O15001042,24O15001042
24O15001043,24O15001043
24O15001044,24O15001044
24O15001045,24O15001045
24O15001046,24O15001046
24O15001047,24O15001047
24O15001048,24O15001048
24O15001049,24O15001049
24O15001050,24O15001050
24O15001051,24O15001051
24O15001052,24O15001052
24O15001053,24O15001053
24O15001054,24O15001054
24O15001055,24O15001055
24O15001056,24O15001056
24O15001057,24O15001057
24O15001058,24O15001058
24O15001059,24O15001059
24O15001060,24O15001060
24O15001061,24O15001061
24O15001062,24O15001062
24O15001063,24O15001063
24O15001064,24O15001064
24O15001065,24O15001065
24O15001066,24O15001066
24O15001067,24O15001067
24O15001068,24O15001068
24O15001069,24O15001069
24O15001070,24O15001070
24O15001071,24O15001071
24O15001072,24O15001072
24O15001073,24O15001073
24O15001074,24O15001074
24O15001075,24O15001075
24O15001076,24O15001076
24O15001077,24O15001077
24O15001078,24O15001078
24O15001079,24O15001079
24O15001080,24O15001080
24O15001081,24O15001081
24O15001082,24O15001082
24O15001083,24O15001083
24O15001084,24O15001084
24O15001085,24O15001085
24O15001086,24O15001086
24O15001087,24O15001087
24O15001088,24O15001088
24O15001089,24O15001089
24O15001090,24O15001090
24O15001091,24O15001091
24O15001092,24O15001092
24O15001093,24O15001093
24O15001094,24O15001094
24O15001095,24O15001095
24O15001096,24O15001096
24O15001097,24O15001097
24O15001098,24O15001098
24O15001099,24O15001099
24O15001100,24O15001100
24O15001101,24O15001101
24O15001102,24O15001102
24O15001103,24O15001103
24O15001104,24O15001104
24O15001105,24O15001105
24O15001106,24O15001106
24O15001107,24O15001107
24O15001108,24O15001108
24O15001109,24O15001109
24O15001110,24O15001110
24O15001111,24O15001111
24O15001112,24O15001112
24O15001113,24O15001113
24O15001114,24O15001114
24O15001115,24O15001115
24O15001116,24O15001116
24O15001117,24O15001117
24O15001118,24O15001118
24O15001119,24O15001119
24O15001120,24O15001120
24O15001121,24O15001121
24O15001122,24O15001122
24O15001123,24O15001123
24O15001124,24O15001124
24O15001125,24O15001125
24O15001126,24O15001126
24O15001127,24O15001127
24O15001128,24O15001128
24O15001129,24O15001129
24O15001130,24O15001130
24O15001131,24O15001131
24O15001132,24O15001132
24O15001133,24O15001133
24O15001134,24O15001134
24O15001135,24O15001135
24O15001136,24O15001136
24O15001137,24O15001137
24O15001138,24O15001138
24O15001139,24O15001139
24O15001140,24O15001140
24O15001141,24O15001141
24O15001142,24O15001142
24O15001143,24O15001143
24O15001144,24O15001144
24O15001145,24O15001145
24O15001146,24O15001146
24O15001147,24O15001147
24O15001148,24O15001148
24O15001149,24O15001149
24O15001150,24O15001150
24O15001151,24O15001151
24O15001152,24O15001152
24O15001153,24O15001153
24O15001154,24O15001154
24O15001155,24O15001155
24O15001156,24O15001156
24O15001157,24O15001157
24O15001158,24O15001158
24O15001159,24O15001159
24O15001160,24O15001160
24O15001161,24O15001161
24O15001162,24O15001162
24O15001163,24O15001163
24O15001164,24O15001164
24O15001165,24O15001165
24O15001166,24O15001166
24O15001167,24O15001167
24O15001168,24O15001168
24O15001169,24O15001169
24O15001170,24O15001170
24O15001171,24O15001171
24O15001172,24O15001172
24O15001173,24O15001173
24O15001174,24O15001174
24O15001175,24O15001175
24O15001176,24O15001176
24O15001177,24O15001177
24O15001178,24O15001178
24O15001179,24O15001179
24O15001180,24O15001180
24O15001181,24O15001181
24O15001182,24O15001182
24O15001183,24O15001183
24O15001184,24O15001184
24O15001185,24O15001185
24O15001186,24O15001186
24O15001187,24O15001187
24O15001188,24O15001188
24O15001189,24O15001189
24O15001190,24O15001190
24O15001191,24O15001191
24O15001192,24O15001192
24O15001193,24O15001193
24O15001194,24O15001194
24O15001195,24O15001195
24O15001196,24O15001196
24O15001197,24O15001197
24O15001198,24O15001198
24O15001199,24O15001199
24O15001200,24O15001200
24O15001201,24O15001201
24O15001202,24O15001202
24O15001203,24O15001203
24O15001204,24O15001204
24O15001205,24O15001205
24O15001206,24O15001206
24O15001207,24O15001207
24O15001208,24O15001208
24O15001209,24O15001209
24O15001210,24O15001210
24O15001211,24O15001211
24O15001212,24O15001212
24O15001213,24O15001213
24O15001214,24O15001214
24O15001215,24O15001215
24O15001216,24O15001216
24O15001217,24O15001217
24O15001218,24O15001218
24O15001219,24O15001219
24O15001220,24O15001220
24O15001221,24O15001221
24O15001222,24O15001222
24O15001223,24O15001223
24O15001224,24O15001224
24O15001225,24O15001225
24O15001226,24O15001226
24O15001227,24O15001227
24O15001228,24O15001228
24O15001229,24O15001229
24O15001230,24O15001230
24O15001231,24O15001231
24O15001232,24O15001232
24O15001233,24O15001233
24O15001234,24O15001234
24O15001235,24O15001235
24O15001236,24O15001236
24O15001237,24O15001237
24O15001238,24O15001238
24O15001239,24O15001239
24O15001240,24O15001240
24O15001241,24O15001241
24O15001242,24O15001242
24O15001243,24O15001243
24O15001244,24O15001244
24O15001245,24O15001245
24O15001246,24O15001246
24O15001247,24O15001247
24O15001248,24O15001248
24O15001249,24O15001249
24O15001250,24O15001250
24O15001251,24O15001251
24O15001252,24O15001252
24O15001253,24O15001253
24O15001254,24O15001254
24O15001255,24O15001255
24O15001256,24O15001256
24O15001257,24O15001257
24O15001258,24O15001258
24O15001259,24O15001259
24O15001259,
24O15001259,
24O15001259,
24O15001259,
24O15001260,24O15001260
24O15001260,
24O15001260,
24O15001260,
24O15001261,24O15001261
24O15001261,
24O15001261,
24O15001261,
24O15001262,24O15001262
24O15001263,24O15001263
24O15001264,24O15001264
24O15001265,24O15001265
24O15001266,24O15001266
24O15001267,24O15001267
24O15001268,24O15001268
24O15001269,24O15001269
24O15001270,24O15001270
24O15001271,24O15001271
24O15001272,24O15001272
24O15001273,24O15001273
24O15001274,24O15001274
24O15001275,24O15001275
24O15001276,24O15001276
24O15001277,24O15001277
24O15001278,24O15001278
24O15001279,24O15001279
24O15001280,24O15001280
24O15001281,24O15001281
24O15001282,24O15001282
24O15001283,24O15001283
24O15001284,24O15001284
24O15001285,24O15001285
24O15001286,24O15001286
24O15001287,24O15001287
24O15001288,24O15001288
24O15001289,24O15001289
24O15001290,24O15001290
24O15001291,24O15001291
24O15001292,24O15001292
24O15001293,24O15001293
24O15001294,24O15001294
24O15001295,24O15001295
24O15001296,24O15001296
24O15001297,24O15001297
24O15001298,24O15001298
24O15001299,24O15001299
24O15001300,24O15001300
24O15001301,24O15001301
24O15001302,24O15001302
24O15001303,24O15001303
24O15001304,24O15001304
24O15001305,24O15001305
24O15001306,24O15001306
24O15001307,24O15001307
24O15001308,24O15001308
24O15001309,24O15001309
24O15001310,24O15001310
24O15001311,24O15001311
24O15001312,24O15001312
24O15001313,24O15001313
24O15001314,24O15001314
24O15001314,
24O15001314,
24O15001315,24O15001315
24O15001316,24O15001316
24O15001317,24O15001317
24O15001318,24O15001318
24O15001319,24O15001319
24O15001320,24O15001320
24O15001321,24O15001321
24O15001322,24O15001322
24O15001323,24O15001323
24O15001324,24O15001324
24O15001325,24O15001325
24O15001326,24O15001326
24O15001327,24O15001327
24O15001328,24O15001328
24O15001329,24O15001329
24O15001330,24O15001330
24O15001331,24O15001331
24O15001332,24O15001332
24O15001333,24O15001333
24O15001334,24O15001334
24O15001335,24O15001335
24O15001336,24O15001336
24O15001337,24O15001337
24O15001338,24O15001338
24O15001339,24O15001339
24O15001340,24O15001340
24O15001341,24O15001341
24O15001342,24O15001342
24O15001343,24O15001343
24O15001344,24O15001344
24O15001345,24O15001345
24O15001346,24O15001346
24O15001347,24O15001347
24O15001348,24O15001348
24O15001349,24O15001349
24O15001350,24O15001350
24O15001351,24O15001351
24O15001352,24O15001352
24O15001353,24O15001353
24O15001354,24O15001354
24O15001355,24O15001355
24O15001356,24O15001356
24O15001357,24O15001357
24O15001358,24O15001358
24O15001359,24O15001359
24O15001360,24O15001360
24O15001361,24O15001361
24O15001362,24O15001362
24O15001363,24O15001363
24O15001364,24O15001364
24O15001365,24O15001365
24O15001366,24O15001366
24O15001367,24O15001367
24O15001368,24O15001368
24O15001369,24O15001369
24O15001370,24O15001370
24O15001371,24O15001371
24O15001372,24O15001372
24O15001373,24O15001373
24O15001374,24O15001374
24O15001375,24O15001375
24O15001376,24O15001376
24O15001377,24O15001377
24O15001378,24O15001378
24O15001379,24O15001379
24O15001380,24O15001380
24O15001381,24O15001381
24O15001382,24O15001382
24O15001383,24O15001383
24O15001384,24O15001384
24O15001385,24O15001385
24O15001386,24O15001386
24O15001387,24O15001387
24O15001388,24O15001388
24O15001389,24O15001389
24O15001390,24O15001390
24O15001391,24O15001391
24O15001392,24O15001392
24O15001393,24O15001393
24O15001394,24O15001394
24O15001395,24O15001395
24O15001396,24O15001396
24O15001397,24O15001397
24O15001398,24O15001398
24O15001399,24O15001399
24O15001400,24O15001400
24O15001401,24O15001401
24O15001402,24O15001402
24O15001403,24O15001403
24O15001404,24O15001404
24O15001405,24O15001405
24O15001405,
24O15001405,
24O15001405,
24O15001405,
24O15001405,
24O15001405,
24O15001405,
24O15001405,
24O15001405,
24O15001405,
24O15001405,
24O15001405,
24O15001405,
24O15001405,
24O15001405,
24O15001405,
24O15001405,
24O15001405,
24O15001405,
24O15001405,
24O15001405,
24O15001405,
24O15001405,
24O15001405,
24O15001405,
24O15001405,
24O15001405,
24O15001405,
24O15001405,
24O15001405,
24O15001405,
24O15001405,
24O15001405,
24O15001405,
24O15001405,
24O15001405,
24O15001405,
24O15001405,
24O15001405,
24O15001405,
24O15001405,
24O15001405,
24O15001405,
24O15001405,
24O15001405,
24O15001405,
24O15001405,
24O15001405,
24O15001405,
24O15001405,
24O15001406,24O15001406
24O15001407,24O15001407
24O15001408,24O15001408
24O15001409,24O15001409
24O15001410,24O15001410
24O15001411,24O15001411
24O15001412,24O15001412
24O15001413,24O15001413
24O15001414,24O15001414
24O15001415,24O15001415
24O15001416,24O15001416
24O15001417,24O15001417
24O15001418,24O15001418
24O15001419,24O15001419
24O15001420,24O15001420
24O15001421,24O15001421
24O15001422,24O15001422
24O15001423,24O15001423
24O15001424,24O15001424
24O15001425,24O15001425
24O15001426,24O15001426
24O15001427,24O15001427
24O15001428,24O15001428
24O15001429,24O15001429
24O15001430,24O15001430
24O15001431,24O15001431
24O15001432,24O15001432
24O15001433,24O15001433
24O15001434,24O15001434
24O15001435,24O15001435
24O15001436,24O15001436
24O15001437,24O15001437
24O15001438,24O15001438
24O15001439,24O15001439
24O15001440,24O15001440
24O15001441,24O15001441
24O15001442,24O15001442
24O15001443,24O15001443
24O15001444,24O15001444
24O15001445,24O15001445
24O15001446,24O15001446
24O15001447,24O15001447
24O15001448,24O15001448
24O15001449,24O15001449
24O15001450,24O15001450
24O15001451,24O15001451
24O15001452,24O15001452
24O15001453,24O15001453
24O15001454,24O15001454
24O15001455,24O15001455
24O15001456,24O15001456
24O15001457,24O15001457
24O15001458,24O15001458
24O15001459,24O15001459
24O15001460,24O15001460
24O15001461,24O15001461
24O15001462,24O15001462
24O15001463,24O15001463
24O15001464,24O15001464
24O15001465,24O15001465
24O15001466,24O15001466
24O15001467,24O15001467
24O15001468,24O15001468
24O15001469,24O15001469
24O15001470,24O15001470
24O15001471,24O15001471
24O15001472,24O15001472
24O15001473,24O15001473
24O15001474,24O15001474
24O15001475,24O15001475
24O15001476,24O15001476
24O15001477,24O15001477
24O15001478,24O15001478
24O15001479,24O15001479
24O15001480,24O15001480
24O15001481,24O15001481
24O15001482,24O15001482
24O15001482,
24O15001483,24O15001483
24O15001484,24O15001484
24O15001485,24O15001485
24O15001486,24O15001486
24O15001487,24O15001487
24O15001488,24O15001488
24O15001489,24O15001489
24O15001490,24O15001490
24O15001491,24O15001491
24O15001492,24O15001492
24O15001493,24O15001493
24O15001494,24O15001494
24O15001495,24O15001495
24O15001496,24O15001496
24O15001497,24O15001497
24O15001498,24O15001498
24O15001499,24O15001499
24O15001500,24O15001500
24O15001501,24O15001501
24O15001502,24O15001502
24O15001503,24O15001503
24O15001504,24O15001504
24O15001505,24O15001505
24O15001506,24O15001506
24O15001507,24O15001507
24O15001508,24O15001508
24O15001509,24O15001509
24O15001510,24O15001510
24O15001511,24O15001511
24O15001512,24O15001512
24O15001513,24O15001513
24O15001514,24O15001514
24O15001515,24O15001515
24O15001516,24O15001516
24O15001517,24O15001517
24O15001518,24O15001518
24O15001519,24O15001519
24O15001520,24O15001520
24O15001521,24O15001521
24O15001522,24O15001522
24O15001523,24O15001523
24O15001524,24O15001524
24O15001525,24O15001525
24O15001526,24O15001526
24O15001527,24O15001527
24O15001528,24O15001528
24O15001529,24O15001529
24O15001530,24O15001530
24O15001531,24O15001531
24O15001532,24O15001532
24O15001533,24O15001533
24O15001534,24O15001534
24O15001535,24O15001535
24O15001536,24O15001536
24O15001537,24O15001537
24O15001538,24O15001538
24O15001539,24O15001539
24O15001540,24O15001540
24O15001541,24O15001541
24O15001542,24O15001542
24O15001543,24O15001543
24O15001544,24O15001544
24O15001545,24O15001545
24O15001546,24O15001546
24O15001547,24O15001547
24O15001548,24O15001548
24O15001549,24O15001549
24O15001550,24O15001550
24O15001551,24O15001551
24O15001552,24O15001552
24O15001553,24O15001553
24O15001554,24O15001554
24O15001555,24O15001555
24O15001556,24O15001556
24O15001557,24O15001557
24O15001558,24O15001558
24O15001559,24O15001559
24O15001560,24O15001560
24O15001561,24O15001561
24O15001562,24O15001562
24O15001563,24O15001563
24O15001564,24O15001564
24O15001565,24O15001565
24O15001566,24O15001566
24O15001567,24O15001567
24O15001568,24O15001568
24O15001569,24O15001569
24O15001570,24O15001570
24O15001571,24O15001571
24O15001572,24O15001572
24O15001573,24O15001573
24O15001574,24O15001574
24O15001575,24O15001575
24O15001576,24O15001576
24O15001577,24O15001577
24O15001578,24O15001578
24O15001579,24O15001579
24O15001580,24O15001580
24O15001581,24O15001581
24O15001582,24O15001582
24O15001583,24O15001583
24O15001584,24O15001584
24O15001585,24O15001585
24O15001586,24O15001586
24O15001587,24O15001587
24O15001588,24O15001588
24O15001589,24O15001589
24O15001590,24O15001590
24O15001591,24O15001591
24O15001592,24O15001592
24O15001593,24O15001593
24O15001594,24O15001594
24O15001595,24O15001595
24O15001596,24O15001596
24O15001597,24O15001597
24O15001598,24O15001598
24O15001599,24O15001599
24O15001600,24O15001600
24O15001601,24O15001601
24O15001602,24O15001602
24O15001603,24O15001603
24O15001604,24O15001604
24O15001605,24O15001605
24O15001606,24O15001606
24O15001607,24O15001607
24O15001608,24O15001608
24O15001609,24O15001609
24O15001610,24O15001610
24O15001611,24O15001611
24O15001612,24O15001612
24O15001613,24O15001613
24O15001614,24O15001614
24O15001615,24O15001615
24O15001616,24O15001616
24O15001617,24O15001617
24O15001618,24O15001618
24O15001619,24O15001619
24O15001620,24O15001620
24O15001621,24O15001621
24O15001622,24O15001622
24O15001623,24O15001623
24O15001624,24O15001624
24O15001625,24O15001625
24O15001626,24O15001626
24O15001627,24O15001627
24O15001628,24O15001628
24O15001629,24O15001629
24O15001630,24O15001630
24O15001631,24O15001631
24O15001632,24O15001632
24O15001633,24O15001633
24O15001634,24O15001634
24O15001635,24O15001635
24O15001636,24O15001636
24O15001637,24O15001637
24O15001638,24O15001638
24O15001639,24O15001639
24O15001640,24O15001640
24O15001641,24O15001641
24O15001642,24O15001642
24O15001643,24O15001643
24O15001644,24O15001644
24O15001645,24O15001645
24O15001646,24O15001646
24O15001647,24O15001647
24O15001648,24O15001648
24O15001649,24O15001649
24O15001650,24O15001650
24O15001651,24O15001651
24O15001652,24O15001652
24O15001653,24O15001653
24O15001654,24O15001654
24O15001655,24O15001655
24O15001656,24O15001656
24O15001657,24O15001657
24O15001658,24O15001658
24O15001659,24O15001659
24O15001660,24O15001660
24O15001661,24O15001661
24O15001662,24O15001662
24O15001663,24O15001663
24O15001664,24O15001664
24O15001665,24O15001665
24O15001666,24O15001666
24O15001667,24O15001667
24O15001668,24O15001668
24O15001669,24O15001669
24O15001670,24O15001670
24O15001671,24O15001671
24O15001672,24O15001672
24O15001673,24O15001673
24O15001674,24O15001674
24O15001675,24O15001675
24O15001676,24O15001676
24O15001677,24O15001677
24O15001678,24O15001678
24O15001679,24O15001679
24O15001680,24O15001680
24O15001681,24O15001681
24O15001682,24O15001682
24O15001683,24O15001683
24O15001684,24O15001684
24O15001685,24O15001685
24O15001686,24O15001686
24O15001687,24O15001687
24O15001688,24O15001688
24O15001689,24O15001689
24O15001690,24O15001690
24O15001691,24O15001691
24O15001692,24O15001692
24O15001693,24O15001693
24O15001694,24O15001694
24O15001695,24O15001695
24O15001696,24O15001696
24O15001697,24O15001697
24O15001698,24O15001698
,24O15001699
,24O15001700
,24O15001701
,24O15001702
24O15001703,24O15001703
24O15001704,24O15001704
24O15001705,24O15001705
24O15001706,24O15001706
24O15001706,
24O15001707,24O15001707
24O15001708,24O15001708
24O15001709,24O15001709
24O15001710,24O15001710
24O15001711,24O15001711
24O15001712,24O15001712
24O15001713,24O15001713
24O15001714,24O15001714
24O15001715,24O15001715
24O15001716,24O15001716
24O15001717,24O15001717
24O15001718,24O15001718
24O15001719,24O15001719
24O15001720,24O15001720
24O15001721,24O15001721
24O15001722,24O15001722
24O15001723,24O15001723
24O15001724,24O15001724
24O15001725,24O15001725
24O15001726,24O15001726
24O15001727,24O15001727
24O15001728,24O15001728
24O15001729,24O15001729
24O15001730,24O15001730
24O15001731,24O15001731
24O15001732,24O15001732
24O15001733,24O15001733
24O15001734,24O15001734
24O15001735,24O15001735
24O15001736,24O15001736
24O15001737,24O15001737
24O15001738,24O15001738
24O15001739,24O15001739
24O15001740,24O15001740
24O15001741,24O15001741
24O15001742,24O15001742
24O15001743,24O15001743
24O15001744,24O15001744
24O15001745,24O15001745
24O15001746,24O15001746
24O15001747,24O15001747
24O15001748,24O15001748
24O15001749,24O15001749
24O15001750,24O15001750
24O15001751,24O15001751
24O15001752,24O15001752
24O15001753,24O15001753
24O15001754,24O15001754
24O15001755,24O15001755
24O15001756,24O15001756
24O15001757,24O15001757
24O15001758,24O15001758
24O15001759,24O15001759
24O15001760,24O15001760
24O15001761,24O15001761
24O15001762,24O15001762
24O15001763,24O15001763
24O15001764,24O15001764
24O15001765,24O15001765
24O15001766,24O15001766
24O15001767,24O15001767
24O15001768,24O15001768
24O15001769,24O15001769
24O15001770,24O15001770
24O15001771,24O15001771
24O15001771,
24O15001771,
24O15001771,
24O15001771,
24O15001771,
24O15001771,
24O15001771,
24O15001771,
24O15001771,
24O15001772,24O15001772
24O15001773,24O15001773
24O15001774,24O15001774
24O15001775,24O15001775
24O15001776,24O15001776
24O15001777,24O15001777
24O15001778,24O15001778
24O15001779,24O15001779
24O15001780,24O15001780
24O15001781,24O15001781
24O15001782,24O15001782
24O15001783,24O15001783
24O15001784,24O15001784
24O15001785,24O15001785
24O15001786,24O15001786
24O15001787,24O15001787
24O15001788,24O15001788
24O15001789,24O15001789
24O15001790,24O15001790
24O15001791,24O15001791
24O15001792,24O15001792
24O15001793,24O15001793
24O15001794,24O15001794
24O15001795,24O15001795
24O15001796,24O15001796
24O15001797,24O15001797
24O15001798,24O15001798
24O15001799,24O15001799
24O15001800,24O15001800
24O15001801,24O15001801
24O15001802,24O15001802
24O15001803,24O15001803
24O15001804,24O15001804
24O15001805,24O15001805
24O15001806,24O15001806
24O15001807,24O15001807
24O15001808,24O15001808
24O15001808,
24O15001809,24O15001809
24O15001810,24O15001810
24O15001811,24O15001811
24O15001812,24O15001812
24O15001813,24O15001813
24O15001814,24O15001814
24O15001815,24O15001815
24O15001816,24O15001816
24O15001817,24O15001817
24O15001818,24O15001818
24O15001819,24O15001819
24O15001820,24O15001820
24O15001821,24O15001821
24O15001822,24O15001822
24O15001823,24O15001823
24O15001824,24O15001824
24O15001825,24O15001825
24O15001826,24O15001826
24O15001827,24O15001827
24O15001828,24O15001828
24O15001829,24O15001829
24O15001830,24O15001830
24O15001831,24O15001831
24O15001832,24O15001832
24O15001833,24O15001833
24O15001834,24O15001834
24O15001835,24O15001835
24O15001836,24O15001836
24O15001837,24O15001837
24O15001838,24O15001838
24O15001839,24O15001839
24O15001840,24O15001840
24O15001841,24O15001841
24O15001842,24O15001842
24O15001842,
24O15001843,24O15001843
24O15001844,24O15001844
24O15001845,24O15001845
24O15001846,24O15001846
24O15001847,24O15001847
24O15001848,24O15001848
24O15001849,24O15001849
24O15001850,24O15001850
24O15001851,24O15001851
24O15001852,24O15001852
24O15001853,24O15001853
24O15001854,24O15001854
24O15001855,24O15001855
24O15001856,24O15001856
24O15001857,24O15001857
24O15001858,24O15001858
24O15001859,24O15001859
24O15001860,24O15001860
24O15001861,24O15001861
24O15001862,24O15001862
24O15001863,24O15001863
24O15001864,24O15001864
24O15001865,24O15001865
24O15001866,24O15001866
24O15001867,24O15001867
24O15001868,24O15001868
24O15001869,24O15001869
24O15001870,24O15001870
24O15001871,24O15001871
24O15001872,24O15001872
24O15001873,24O15001873
24O15001874,24O15001874
24O15001875,24O15001875
24O15001876,24O15001876
24O15001877,24O15001877
24O15001878,24O15001878
24O15001879,24O15001879
24O15001880,24O15001880
24O15001881,24O15001881
24O15001882,24O15001882
24O15001883,24O15001883
24O15001884,24O15001884
24O15001885,24O15001885
24O15001886,24O15001886
24O15001887,24O15001887
24O15001888,24O15001888
24O15001889,24O15001889
24O15001890,24O15001890
24O15001891,24O15001891
24O15001892,24O15001892
24O15001893,24O15001893
24O15001894,24O15001894
24O15001895,24O15001895
24O15001896,24O15001896
24O15001897,24O15001897
24O15001898,24O15001898
24O15001899,24O15001899
24O15001900,24O15001900
24O15001901,24O15001901
24O15001902,24O15001902
24O15001903,24O15001903
24O15001904,24O15001904
24O15001905,24O15001905
24O15001906,24O15001906
24O15001906,
24O15001906,
24O15001907,24O15001907
24O15001908,24O15001908
24O15001909,24O15001909
24O15001910,24O15001910
24O15001911,24O15001911
24O15001912,24O15001912
24O15001913,24O15001913
24O15001914,24O15001914
24O15001915,24O15001915
24O15001916,24O15001916
24O15001917,24O15001917
24O15001918,24O15001918
24O15001919,24O15001919
24O15001920,24O15001920
24O15001921,24O15001921
24O15001922,24O15001922
24O15001923,24O15001923
24O15001924,24O15001924
24O15001925,24O15001925
24O15001926,24O15001926
24O15001927,24O15001927
24O15001928,24O15001928
24O15001929,24O15001929
24O15001930,24O15001930
24O15001931,24O15001931
24O15001932,24O15001932
24O15001933,24O15001933
24O15001934,24O15001934
24O15001935,24O15001935
24O15001936,24O15001936
24O15001937,24O15001937
24O15001938,24O15001938
24O15001939,24O15001939
24O15001940,24O15001940
24O15001941,24O15001941
24O15001942,24O15001942
24O15001943,24O15001943
24O15001944,24O15001944
24O15001945,24O15001945
24O15001946,24O15001946
24O15001947,24O15001947
24O15001948,24O15001948
24O15001949,24O15001949
24O15001950,24O15001950
24O15001951,24O15001951
24O15001952,24O15001952
24O15001953,24O15001953
24O15001954,24O15001954
24O15001955,24O15001955
24O15001956,24O15001956
24O15001957,24O15001957
24O15001958,24O15001958
24O15001959,24O15001959
24O15001960,24O15001960
24O15001961,24O15001961
24O15001962,24O15001962
24O15001963,24O15001963
24O15001964,24O15001964
24O15001965,24O15001965
24O15001966,24O15001966
24O15001967,24O15001967
24O15001968,24O15001968
24O15001969,24O15001969
24O15001970,24O15001970
24O15001971,24O15001971
24O15001972,24O15001972
24O15001973,24O15001973
24O15001974,24O15001974
24O15001975,24O15001975
24O15001976,24O15001976
24O15001977,24O15001977
24O15001978,24O15001978
24O15001979,24O15001979
24O15001980,24O15001980
24O15001981,24O15001981
24O15001982,24O15001982
24O15001983,24O15001983
24O15001984,24O15001984
24O15001985,24O15001985
24O15001986,24O15001986
24O15001987,24O15001987
24O15001988,24O15001988
24O15001989,24O15001989
24O15001990,24O15001990
24O15001991,24O15001991
24O15001992,24O15001992
24O15001993,24O15001993
24O15001994,24O15001994
24O15001995,24O15001995
24O15001996,24O15001996
24O15001997,24O15001997
24O15001998,24O15001998
24O15001999,24O15001999
24O15002000,24O15002000
24O15002001,24O15002001
24O15002002,24O15002002
24O15002003,24O15002003
24O15002004,24O15002004
24O15002005,24O15002005
24O15002006,24O15002006
24O15002007,24O15002007
24O15002008,24O15002008
24O15002009,24O15002009
24O15002010,24O15002010
24O15002011,24O15002011
24O15002012,24O15002012
24O15002013,24O15002013
24O15002014,24O15002014
24O15002015,24O15002015
24O15002016,24O15002016
24O15002017,24O15002017
24O15002018,24O15002018
24O15002019,24O15002019
24O15002020,24O15002020
24O15002021,24O15002021
24O15002022,24O15002022
24O15002023,24O15002023
24O15002024,24O15002024
24O15002025,24O15002025
24O15002026,24O15002026
24O15002027,24O15002027
24O15002028,24O15002028
24O15002029,24O15002029
24O15002030,24O15002030
24O15002031,24O15002031
24O15002032,24O15002032
24O15002033,24O15002033
24O15002034,24O15002034
24O15002035,24O15002035
24O15002036,24O15002036
24O15002037,24O15002037
24O15002038,24O15002038
24O15002039,24O15002039
24O15002040,24O15002040
24O15002041,24O15002041
24O15002042,24O15002042
24O15002043,24O15002043
24O15002044,24O15002044
24O15002045,24O15002045
24O15002046,24O15002046
24O15002047,24O15002047
24O15002048,24O15002048
24O15002049,24O15002049
24O15002050,24O15002050
24O15002051,24O15002051
24O15002052,24O15002052
24O15002053,24O15002053
24O15002054,24O15002054
24O15002055,24O15002055
24O15002056,24O15002056
24O15002057,24O15002057
24O15002058,24O15002058
24O15002059,24O15002059
24O15002060,24O15002060
24O15002061,24O15002061
24O15002062,24O15002062
24O15002063,24O15002063
24O15002064,24O15002064
24O15002065,24O15002065
24O15002066,24O15002066
24O15002067,24O15002067
24O15002068,24O15002068
24O15002069,24O15002069
24O15002070,24O15002070
24O15002071,24O15002071
24O15002072,24O15002072
24O15002073,24O15002073
24O15002074,24O15002074
24O15002075,24O15002075
24O15002076,24O15002076
24O15002077,24O15002077
24O15002078,24O15002078
24O15002079,24O15002079
24O15002080,24O15002080
24O15002081,24O15002081
24O15002082,24O15002082
24O15002083,24O15002083
24O15002084,24O15002084
24O15002085,24O15002085
24O15002086,24O15002086
24O15002087,24O15002087
24O15002088,24O15002088
24O15002089,24O15002089
24O15002090,24O15002090
24O15002091,24O15002091
24O15002092,24O15002092
24O15002093,24O15002093
24O15002094,24O15002094
24O15002095,24O15002095
24O15002096,24O15002096
24O15002097,24O15002097
24O15002098,24O15002098
24O15002099,24O15002099
24O15002100,24O15002100
24O15002101,24O15002101
24O15002102,24O15002102
24O15002103,24O15002103
24O15002104,24O15002104
24O15002105,24O15002105
24O15002106,24O15002106
24O15002107,24O15002107
24O15002108,24O15002108
24O15002109,24O15002109
24O15002110,24O15002110
24O15002111,24O15002111
24O15002112,24O15002112
24O15002113,24O15002113
24O15002114,24O15002114
24O15002115,24O15002115
24O15002116,24O15002116
24O15002117,24O15002117
24O15002118,24O15002118
24O15002119,24O15002119
24O15002120,24O15002120
24O15002121,24O15002121
24O15002122,24O15002122
24O15002123,24O15002123
24O15002124,24O15002124
24O15002125,24O15002125
24O15002126,24O15002126
24O15002127,24O15002127
24O15002128,24O15002128
24O15002129,24O15002129
24O15002130,24O15002130
24O15002131,24O15002131
24O15002132,24O15002132
24O15002133,24O15002133
24O15002134,24O15002134
24O15002135,24O15002135
24O15002136,24O15002136
24O15002137,24O15002137
24O15002138,24O15002138
24O15002139,24O15002139
24O15002140,24O15002140
24O15002141,24O15002141
24O15002142,24O15002142
24O15002143,24O15002143
24O15002144,24O15002144
24O15002145,24O15002145
24O15002146,24O15002146
24O15002147,24O15002147
24O15002148,24O15002148
24O15002149,24O15002149
24O15002149,
24O15002150,24O15002150
24O15002151,24O15002151
24O15002152,24O15002152
24O15002153,24O15002153
24O15002154,24O15002154
24O15002155,24O15002155
24O15002156,24O15002156
24O15002157,24O15002157
24O15002158,24O15002158
24O15002159,24O15002159
24O15002160,24O15002160
24O15002161,24O15002161
24O15002162,24O15002162
24O15002163,24O15002163
24O15002164,24O15002164
24O15002165,24O15002165
24O15002166,24O15002166
24O15002167,24O15002167
24O15002168,24O15002168
24O15002169,24O15002169
24O15002170,24O15002170
24O15002171,24O15002171
24O15002172,24O15002172
24O15002173,24O15002173
24O15002174,24O15002174
24O15002175,24O15002175
24O15002176,24O15002176
24O15002177,24O15002177
24O15002178,24O15002178
24O15002179,24O15002179
24O15002180,24O15002180
24O15002181,24O15002181
24O15002182,24O15002182
24O15002183,24O15002183
24O15002184,24O15002184
24O15002185,24O15002185
24O15002186,24O15002186
24O15002187,24O15002187
24O15002188,24O15002188
24O15002189,24O15002189
24O15002190,24O15002190
24O15002191,24O15002191
24O15002192,24O15002192
24O15002193,24O15002193
24O15002194,24O15002194
24O15002195,24O15002195
24O15002196,24O15002196
24O15002197,24O15002197
24O15002198,24O15002198
24O15002199,24O15002199
24O15002200,24O15002200
24O15002201,24O15002201
24O15002202,24O15002202
24O15002203,24O15002203
24O15002204,24O15002204
24O15002205,24O15002205
24O15002206,24O15002206
24O15002207,24O15002207
24O15002208,24O15002208
24O15002209,24O15002209
24O15002210,24O15002210
24O15002211,24O15002211
24O15002212,24O15002212
24O15002213,24O15002213
24O15002214,24O15002214
24O15002215,24O15002215
24O15002216,24O15002216
24O15002217,24O15002217
24O15002218,24O15002218
24O15002219,24O15002219
24O15002220,24O15002220
24O15002221,24O15002221
24O15002222,24O15002222
24O15002223,24O15002223
24O15002224,24O15002224
24O15002225,24O15002225
24O15002226,24O15002226
24O15002227,24O15002227
24O15002228,24O15002228
24O15002229,24O15002229
24O15002230,24O15002230
24O15002231,24O15002231
24O15002232,24O15002232
24O15002233,24O15002233
24O15002234,24O15002234
24O15002235,24O15002235
24O15002236,24O15002236
24O15002237,24O15002237
24O15002238,24O15002238
24O15002239,24O15002239
24O15002240,24O15002240
24O15002241,24O15002241
24O15002242,24O15002242
24O15002243,24O15002243
24O15002244,24O15002244
24O15002245,24O15002245
24O15002246,24O15002246
24O15002247,24O15002247
24O15002248,24O15002248
24O15002248,24O15002248
24O15002249,24O15002249
24O15002249,24O15002249
24O15002249,
24O15002250,24O15002250
24O15002250,24O15002250
24O15002250,24O15002251
24O15002251,24O15002251
24O15002251,
24O15002251,
24O15002251,
24O15002252,24O15002252
24O15002252,24O15002252
24O15002252,
24O15002252,
24O15002252,
24O15002252,
24O15002252,
24O15002252,
24O15002252,
24O15002252,
24O15002252,
24O15002252,
24O15002253,24O15002253
24O15002253,24O15002253
24O15002253,
24O15002253,
24O15002253,
24O15002253,
24O15002253,
24O15002253,
24O15002253,
24O15002253,
24O15002253,
24O15002253,
24O15002253,
24O15002254,24O15002254
24O15002255,24O15002255
24O15002256,24O15002256
24O15002257,24O15002257
24O15002258,24O15002258
24O15002259,24O15002259
24O15002260,24O15002260
24O15002261,24O15002261
24O15002262,24O15002262
24O15002263,24O15002263
24O15002264,24O15002264
24O15002265,24O15002265
24O15002266,24O15002266
24O15002267,24O15002267
24O15002268,24O15002268
24O15002269,24O15002269
24O15002270,24O15002270
24O15002271,24O15002271
24O15002272,24O15002272
24O15002273,24O15002273
24O15002274,24O15002274
24O15002275,24O15002275
24O15002276,24O15002276
24O15002277,24O15002277
24O15002278,24O15002278
24O15002279,24O15002279
24O15002280,24O15002280
24O15002281,24O15002281
24O15002282,24O15002282
24O15002283,24O15002283
24O15002284,24O15002284
24O15002285,24O15002285
24O15002286,24O15002286
24O15002287,24O15002287
24O15002288,24O15002288
24O15002289,24O15002289
24O15002290,24O15002290
24O15002291,24O15002291
24O15002292,24O15002292
24O15002293,24O15002293
24O15002294,24O15002294
24O15002295,24O15002295
24O15002296,24O15002296
24O15002297,24O15002297
24O15002298,24O15002298
24O15002299,24O15002299
24O15002300,24O15002300
24O15002301,24O15002301
24O15002302,24O15002302
24O15002303,24O15002303
24O15002304,24O15002304
24O15002305,24O15002305
24O15002306,24O15002306
24O15002307,24O15002307
24O15002308,24O15002308
24O15002309,24O15002309
24O15002310,24O15002310
24O15002311,24O15002311
24O15002312,24O15002312
24O15002313,24O15002313
24O15002314,24O15002314
24O15002315,24O15002315
24O15002316,24O15002316
24O15002317,24O15002317
24O15002318,24O15002318
24O15002319,24O15002319
24O15002320,24O15002320
24O15002321,24O15002321
24O15002322,24O15002322
24O15002323,24O15002323
24O15002324,24O15002324
24O15002325,24O15002325
24O15002326,24O15002326
24O15002327,24O15002327
24O15002328,24O15002328
24O15002329,24O15002329
24O15002330,24O15002330
24O15002331,24O15002331
24O15002332,24O15002332
24O15002333,24O15002333
24O15002334,24O15002334
24O15002335,24O15002335
24O15002336,24O15002336
24O15002337,24O15002337
24O15002338,24O15002338
24O15002339,24O15002339
24O15002340,24O15002340
24O15002341,24O15002341
24O15002342,24O15002342
24O15002343,24O15002343
24O15002344,24O15002344
24O15002345,24O15002345
24O15002346,24O15002346
24O15002347,24O15002347
24O15002348,24O15002348
24O15002349,24O15002349
24O15002350,24O15002350
24O15002351,24O15002351
24O15002352,24O15002352
24O15002353,24O15002353
24O15002354,24O15002354
24O15002355,24O15002355
24O15002356,24O15002356
24O15002357,24O15002357
24O15002358,24O15002358
24O15002359,24O15002359
24O15002360,24O15002360
24O15002361,24O15002361
24O15002362,24O15002362
24O15002363,24O15002363
24O15002364,24O15002364
24O15002365,24O15002365
24O15002366,24O15002366
24O15002367,24O15002367
24O15002368,24O15002368
24O15002369,24O15002369
24O15002370,24O15002370
24O15002371,24O15002371
24O15002372,24O15002372
24O15002373,24O15002373
24O15002374,24O15002374
24O15002375,24O15002375
24O15002376,24O15002376
24O15002377,24O15002377
24O15002378,24O15002378
24O15002379,24O15002379
24O15002380,24O15002380
24O15002381,24O15002381
24O15002382,24O15002382
24O15002383,24O15002383
24O15002384,24O15002384
24O15002385,24O15002385
24O15002386,24O15002386
24O15002387,24O15002387
24O15002388,24O15002388
24O15002389,24O15002389
24O15002390,24O15002390
24O15002391,24O15002391
24O15002392,24O15002392
24O15002393,24O15002393
24O15002394,24O15002394
24O15002395,24O15002395
24O15002396,24O15002396
24O15002397,24O15002397
24O15002398,24O15002398
24O15002399,24O15002399
24O15002400,24O15002400
24O15002401,24O15002401
24O15002402,24O15002402
24O15002403,24O15002403
24O15002404,24O15002404
24O15002405,24O15002405
24O15002406,24O15002406
24O15002407,24O15002407
24O15002408,24O15002408
24O15002409,24O15002409
24O15002410,24O15002410
24O15002411,24O15002411
24O15002412,24O15002412
24O15002413,24O15002413
24O15002414,24O15002414
24O15002415,24O15002415
24O15002416,24O15002416
24O15002417,24O15002417
24O15002418,24O15002418
24O15002419,24O15002419
24O15002420,24O15002420
24O15002421,24O15002421
24O15002422,24O15002422
24O15002423,24O15002423
24O15002424,24O15002424
24O15002425,24O15002425
24O15002426,24O15002426
24O15002427,24O15002427
24O15002428,24O15002428
24O15002429,24O15002429
24O15002430,24O15002430
24O15002431,24O15002431
24O15002432,24O15002432
24O15002433,24O15002433
24O15002434,24O15002434
24O15002435,24O15002435
24O15002436,24O15002436
24O15002437,24O15002437
24O15002438,24O15002438
24O15002439,24O15002439
,24O15002440
24O15002441,24O15002441
24O15002442,24O15002442
24O15002443,24O15002443
24O15002444,24O15002444
24O15002445,24O15002445
24O15002446,24O15002446
24O15002447,24O15002447
24O15002448,24O15002448
24O15002449,24O15002449
24O15002450,24O15002450
24O15002451,24O15002451
24O15002452,24O15002452
24O15002453,24O15002453
24O15002454,24O15002454
24O15002455,24O15002455
24O15002456,24O15002456
24O15002457,24O15002457
24O15002458,24O15002458
24O15002459,24O15002459
24O15002460,24O15002460
24O15002461,24O15002461
24O15002462,24O15002462
24O15002463,24O15002463
24O15002464,24O15002464
24O15002465,24O15002465
24O15002466,24O15002466
24O15002467,24O15002467
24O15002468,24O15002468
24O15002469,24O15002469
24O15002470,24O15002470
24O15002471,24O15002471
24O15002472,24O15002472
24O15002473,24O15002473
24O15002474,24O15002474
24O15002475,24O15002475
24O15002476,24O15002476
24O15002477,24O15002477
24O15002478,24O15002478
24O15002479,24O15002479
24O15002480,24O15002480
24O15002481,24O15002481
24O15002482,24O15002482
24O15002483,24O15002483
24O15002484,24O15002484
24O15002485,24O15002485
24O15002486,24O15002486
24O15002487,24O15002487
24O15002488,24O15002488
24O15002489,24O15002489
24O15002490,24O15002490
24O15002491,24O15002491
24O15002492,24O15002492
24O15002493,24O15002493
24O15002494,24O15002494
24O15002495,24O15002495
24O15002496,24O15002496
24O15002497,24O15002497
24O15002498,24O15002498
24O15002499,24O15002499
24O15002500,24O15002500
24O15002501,24O15002501
,24O15002502
,24O15002503
,24O15002504
24O15002505,24O15002505
24O15002506,24O15002506
,24O15002507
,24O15002508
,24O15002509
,24O15002510
,24O15002511
,24O15002512
,24O15002513
24O15002514,24O15002514
24O15002515,24O15002515
24O15002516,24O15002516
24O15002517,24O15002517
24O15002518,24O15002518
24O15002519,24O15002519
24O15002520,24O15002520
24O15002521,24O15002521
24O15002522,24O15002522
24O15002523,24O15002523
24O15002524,24O15002524
24O15002525,24O15002525
24O15002526,24O15002526
24O15002527,24O15002527
24O15002528,24O15002528
24O15002529,24O15002529
24O15002530,24O15002530
24O15002531,24O15002531
24O15002532,24O15002532
24O15002533,24O15002533
24O15002534,24O15002534
24O15002535,24O15002535
24O15002536,24O15002536
24O15002537,24O15002537
24O15002538,24O15002538
24O15002539,24O15002539
24O15002540,24O15002540
24O15002541,24O15002541
24O15002542,24O15002542
24O15002543,24O15002543
24O15002544,24O15002544
24O15002545,24O15002545
24O15002546,24O15002546
24O15002547,24O15002547
24O15002548,24O15002548
24O15002549,24O15002549
24O15002550,24O15002550
24O15002551,24O15002551
24O15002552,24O15002552
24O15002553,24O15002553
24O15002554,24O15002554
24O15002555,24O15002555
24O15002556,24O15002556
24O15002557,24O15002557
24O15002558,24O15002558
24O15002559,24O15002559
24O15002560,24O15002560
24O15002561,24O15002561
24O15002562,24O15002562
24O15002563,24O15002563
24O15002564,24O15002564
24O15002565,24O15002565
24O15002566,24O15002566
24O15002567,24O15002567
24O15002568,24O15002568
24O15002569,24O15002569
24O15002570,24O15002570
24O15002571,24O15002571
24O15002572,24O15002572
24O15002573,24O15002573
24O15002574,24O15002574
24O15002575,24O15002575
24O15002576,24O15002576
24O15002577,24O15002577
24O15002578,24O15002578
24O15002579,24O15002579
24O15002580,24O15002580
24O15002580,24O15002580
24O15002581,24O15002581
24O15002582,24O15002582
24O15002583,24O15002583
24O15002584,24O15002584
24O15002585,24O15002585
24O15002586,24O15002586
24O15002587,24O15002587
24O15002588,24O15002588
24O15002589,24O15002589
24O15002590,24O15002590
24O15002591,24O15002591
24O15002592,24O15002592
24O15002593,24O15002593
24O15002594,24O15002594
24O15002595,24O15002595
24O15002596,24O15002596
24O15002597,24O15002597
24O15002598,24O15002598
24O15002599,24O15002599
24O15002600,24O15002600
24O15002601,24O15002601
24O15002602,24O15002602
24O15002603,24O15002603
24O15002604,24O15002604
24O15002605,24O15002605
24O15002606,24O15002606
24O15002607,24O15002607
24O15002608,24O15002608
24O15002609,24O15002609
24O15002610,24O15002610
24O15002611,24O15002611
24O15002612,24O15002612
24O15002613,24O15002613
24O15002614,24O15002614
24O15002615,24O15002615
24O15002616,24O15002616
24O15002617,24O15002617
24O15002618,24O15002618
24O15002619,24O15002619
24O15002620,24O15002620
24O15002621,24O15002621
24O15002622,24O15002622
24O15002623,24O15002623
24O15002624,24O15002624
24O15002625,24O15002625
24O15002626,24O15002626
24O15002627,24O15002627
24O15002628,24O15002628
24O15002629,24O15002629
24O15002630,24O15002630
24O15002631,24O15002631
24O15002632,24O15002632
24O15002633,24O15002633
24O15002634,24O15002634
24O15002635,24O15002635
24O15002636,24O15002636
24O15002637,24O15002637
24O15002638,24O15002638
24O15002639,24O15002639
24O15002640,24O15002640
24O15002641,24O15002641
24O15002642,24O15002642
24O15002643,24O15002643
24O15002644,24O15002644
24O15002645,24O15002645
24O15002646,24O15002646
24O15002647,24O15002647
24O15002648,24O15002648
24O15002649,24O15002649
24O15002650,24O15002650
24O15002651,24O15002651
24O15002652,24O15002652
24O15002653,24O15002653
24O15002654,24O15002654
24O15002655,24O15002655
24O15002656,24O15002656
24O15002657,24O15002657
24O15002658,24O15002658
24O15002659,24O15002659
24O15002660,24O15002660
24O15002661,24O15002661
24O15002662,24O15002662
24O15002663,24O15002663
24O15002664,24O15002664
24O15002665,24O15002665
24O15002666,24O15002666
24O15002667,24O15002667
24O15002668,24O15002668
24O15002669,24O15002669
24O15002670,24O15002670
24O15002671,24O15002671
24O15002672,24O15002672
24O15002673,24O15002673
24O15002674,24O15002674
24O15002675,24O15002675
24O15002676,24O15002676
24O15002677,24O15002677
24O15002678,24O15002678
24O15002679,24O15002679
24O15002680,24O15002680
24O15002681,24O15002681
24O15002682,24O15002682
24O15002683,24O15002683
24O15002684,24O15002684
24O15002685,24O15002685
24O15002686,24O15002686
24O15002687,24O15002687
24O15002688,24O15002688
24O15002689,24O15002689
24O15002690,24O15002690
24O15002691,24O15002691
24O15002692,24O15002692
24O15002693,24O15002693
24O15002694,24O15002694
24O15002695,24O15002695
24O15002696,24O15002696
24O15002697,24O15002697
24O15002698,24O15002698
24O15002699,24O15002699
24O15002700,24O15002700
24O15002701,24O15002701
24O15002702,24O15002702
24O15002703,24O15002703
24O15002704,24O15002704
24O15002705,24O15002705
24O15002706,24O15002706
24O15002707,24O15002707
24O15002708,24O15002708
24O15002709,24O15002709
24O15002710,24O15002710
24O15002711,24O15002711
24O15002712,24O15002712
24O15002713,24O15002713
24O15002714,24O15002714
24O15002715,24O15002715
24O15002716,24O15002716
24O15002717,24O15002717
24O15002718,24O15002718
24O15002719,24O15002719
24O15002720,24O15002720
24O15002721,24O15002721
24O15002722,24O15002722
24O15002723,24O15002723
24O15002724,24O15002724
24O15002725,24O15002725
24O15002726,24O15002726
24O15002727,24O15002727
24O15002728,24O15002728
24O15002729,24O15002729
24O15002730,24O15002730
24O15002731,24O15002731
24O15002732,24O15002732
24O15002733,24O15002733
24O15002734,24O15002734
24O15002735,24O15002735
24O15002736,24O15002736
24O15002737,24O15002737
24O15002738,24O15002738
24O15002739,24O15002739
24O15002740,24O15002740
24O15002741,24O15002741
24O15002742,24O15002742
24O15002743,24O15002743
24O15002744,24O15002744
24O15002745,24O15002745
24O15002746,24O15002746
24O15002747,24O15002747
24O15002748,24O15002748
24O15002749,24O15002749
24O15002750,24O15002750
24O15002751,24O15002751
24O15002752,24O15002752
24O15002753,24O15002753
24O15002754,24O15002754
24O15002755,24O15002755
24O15002756,24O15002756
24O15002757,24O15002757
24O15002758,24O15002758
24O15002759,24O15002759
24O15002760,24O15002760
24O15002761,24O15002761
24O15002762,24O15002762
24O15002763,24O15002763
24O15002764,24O15002764
24O15002765,24O15002765
24O15002766,24O15002766
24O15002767,24O15002767
24O15002768,24O15002768
24O15002769,24O15002769
24O15002770,24O15002770
24O15002771,24O15002771
24O15002772,24O15002772
24O15002773,24O15002773
24O15002774,24O15002774
24O15002775,24O15002775
24O15002776,24O15002776
24O15002777,24O15002777
24O15002778,24O15002778
24O15002779,24O15002779
24O15002780,24O15002780
24O15002781,24O15002781
24O15002782,24O15002782
24O15002783,24O15002783
24O15002784,24O15002784
24O15002784,
24O15002784,
24O15002785,24O15002785
24O15002786,24O15002786
24O15002787,24O15002787
24O15002788,24O15002788
24O15002789,24O15002789
24O15002790,24O15002790
24O15002791,24O15002791
24O15002792,24O15002792
24O15002793,24O15002793
24O15002794,24O15002794
24O15002795,24O15002795
24O15002796,24O15002796
24O15002797,24O15002797
24O15002798,24O15002798
24O15002799,24O15002799
24O15002800,24O15002800
24O15002801,24O15002801
24O15002802,24O15002802
24O15002803,24O15002803
24O15002804,24O15002804
24O15002805,24O15002805
24O15002806,24O15002806
24O15002807,24O15002807
24O15002808,24O15002808
24O15002809,24O15002809
24O15002810,24O15002810
24O15002811,24O15002811
24O15002812,24O15002812
24O15002813,24O15002813
24O15002814,24O15002814
24O15002815,24O15002815
24O15002816,24O15002816
24O15002817,24O15002817
24O15002818,24O15002818
24O15002819,24O15002819
24O15002820,24O15002820
24O15002821,24O15002821
24O15002822,24O15002822
24O15002823,24O15002823
24O15002824,24O15002824
24O15002825,24O15002825
24O15002826,24O15002826
24O15002827,24O15002827
24O15002828,24O15002828
24O15002829,24O15002829
24O15002830,24O15002830
24O15002831,24O15002831
24O15002832,24O15002832
24O15002833,24O15002833
24O15002834,24O15002834
24O15002835,24O15002835
24O15002836,24O15002836
24O15002837,24O15002837
24O15002838,24O15002838
24O15002839,24O15002839
24O15002840,24O15002840
24O15002841,24O15002841
24O15002842,24O15002842
24O15002843,24O15002843
24O15002844,24O15002844
24O15002845,24O15002845
24O15002846,24O15002846
24O15002847,24O15002847
24O15002848,24O15002848
24O15002849,24O15002849
24O15002850,24O15002850
24O15002851,24O15002851
24O15002852,24O15002852
24O15002853,24O15002853
24O15002854,24O15002854
24O15002855,24O15002855
24O15002856,24O15002856
24O15002857,24O15002857
24O15002858,24O15002858
24O15002859,24O15002859
24O15002860,24O15002860
24O15002861,24O15002861
24O15002862,24O15002862
24O15002863,24O15002863
24O15002864,24O15002864
24O15002865,24O15002865
24O15002866,24O15002866
24O15002867,24O15002867
24O15002868,24O15002868
24O15002869,24O15002869
24O15002870,24O15002870
24O15002871,24O15002871
24O15002872,24O15002872
24O15002873,24O15002873
24O15002874,24O15002874
24O15002875,24O15002875
24O15002876,24O15002876
24O15002877,24O15002877
24O15002878,24O15002878
24O15002879,24O15002879
24O15002880,24O15002880
24O15002881,24O15002881
24O15002882,24O15002882
24O15002883,24O15002883
24O15002884,24O15002884
24O15002885,24O15002885
24O15002886,24O15002886
24O15002887,24O15002887
24O15002888,24O15002888
24O15002889,24O15002889
24O15002890,24O15002890
24O15002891,24O15002891
24O15002892,24O15002892
24O15002893,24O15002893
24O15002894,24O15002894
24O15002895,24O15002895
24O15002896,24O15002896
24O15002897,24O15002897
24O15002898,24O15002898
24O15002899,24O15002899
24O15002900,24O15002900
24O15002901,24O15002901
24O15002902,24O15002902
24O15002903,24O15002903
24O15002904,24O15002904
24O15002905,24O15002905
24O15002906,24O15002906
24O15002907,24O15002907
24O15002908,24O15002908
24O15002909,24O15002909
24O15002910,24O15002910
24O15002911,24O15002911
24O15002912,24O15002912
24O15002913,24O15002913
24O15002914,24O15002914
24O15002915,24O15002915
24O15002916,24O15002916
24O15002917,24O15002917
24O15002918,24O15002918
24O15002919,24O15002919
24O15002920,24O15002920
24O15002921,24O15002921
24O15002922,24O15002922
24O15002923,24O15002923
24O15002924,24O15002924
24O15002925,24O15002925
24O15002926,24O15002926
24O15002927,24O15002927
24O15002928,24O15002928
24O15002929,24O15002929
24O15002930,24O15002930
24O15002931,24O15002931
24O15002932,24O15002932
24O15002933,24O15002933
24O15002934,24O15002934
24O15002935,24O15002935
24O15002936,24O15002936
24O15002937,24O15002937
24O15002938,24O15002938
24O15002939,24O15002939
24O15002940,24O15002940
24O15002941,24O15002941
24O15002942,24O15002942
24O15002943,24O15002943
24O15002944,24O15002944
24O15002945,24O15002945
24O15002946,24O15002946
24O15002947,24O15002947
24O15002948,24O15002948
24O15002949,24O15002949
24O15002950,24O15002950
24O15002951,24O15002951
24O15002952,24O15002952
24O15002953,24O15002953
24O15002954,24O15002954
24O15002955,24O15002955
24O15002956,24O15002956
24O15002957,24O15002957
24O15002958,24O15002958
24O15002959,24O15002959
24O15002960,24O15002960
24O15002961,24O15002961
24O15002962,24O15002962
24O15002963,24O15002963
24O15002964,24O15002964
24O15002965,24O15002965
24O15002966,24O15002966
24O15002967,24O15002967
24O15002968,24O15002968
24O15002969,24O15002969
24O15002970,24O15002970
24O15002971,24O15002971
24O15002972,24O15002972
24O15002973,24O15002973
24O15002974,24O15002974
24O15002975,24O15002975
24O15002976,24O15002976
24O15002977,24O15002977
24O15002978,24O15002978
24O15002979,24O15002979
24O15002980,24O15002980
24O15002981,24O15002981
24O15002982,24O15002982
24O15002983,24O15002983
24O15002984,24O15002984
24O15002985,24O15002985
24O15002986,24O15002986
24O15002987,24O15002987
24O15002988,24O15002988
24O15002989,24O15002989
24O15002990,24O15002990
24O15002991,24O15002991
24O15002992,24O15002992
24O15002993,24O15002993
24O15002994,24O15002994
24O15002995,24O15002995
24O15002996,24O15002996
24O15002997,24O15002997
24O15002998,24O15002998
24O15002999,24O15002999
24O15003000,24O15003000
24O15003001,24O15003001
24O15003002,24O15003002
24O15003003,24O15003003
24O15003004,24O15003004
24O15003005,24O15003005
24O15003006,24O15003006
24O15003007,24O15003007
24O15003008,24O15003008
24O15003009,24O15003009
24O15003010,24O15003010
24O15003011,24O15003011
24O15003012,24O15003012
24O15003013,24O15003013
24O15003014,24O15003014
24O15003014,24O15003014
24O15003015,24O15003015
24O15003016,24O15003016
24O15003017,24O15003017
24O15003018,24O15003018
24O15003019,24O15003019
24O15003020,24O15003020
24O15003021,24O15003021
24O15003022,24O15003022
24O15003023,24O15003023
24O15003023,24O15003023
24O15003024,24O15003024
24O15003025,24O15003025
24O15003026,24O15003026
24O15003027,24O15003027
24O15003028,24O15003028
24O15003029,24O15003029
24O15003030,24O15003030
24O15003031,24O15003031
24O15003032,24O15003032
24O15003033,24O15003033
24O15003034,24O15003034
24O15003035,24O15003035
24O15003036,24O15003036
24O15003037,24O15003037
24O15003038,24O15003038
24O15003039,24O15003039
24O15003040,24O15003040
24O15003041,24O15003041
24O15003042,24O15003042
24O15003043,24O15003043
24O15003044,24O15003044
24O15003045,24O15003045
24O15003046,24O15003046
24O15003047,24O15003047
24O15003048,24O15003048
24O15003049,24O15003049
24O15003050,24O15003050
24O15003051,24O15003051
24O15003052,24O15003052
24O15003053,24O15003053
24O15003054,24O15003054
24O15003055,24O15003055
24O15003056,24O15003056
24O15003057,24O15003057
24O15003058,24O15003058
24O15003059,24O15003059
,24O15003059
24O15003060,24O15003060
24O15003061,24O15003061
24O15003062,24O15003062
24O15003063,24O15003063
24O15003064,24O15003064
24O15003065,24O15003065
24O15003066,24O15003066
24O15003067,24O15003067
24O15003068,24O15003068
24O15003069,24O15003069
24O15003070,24O15003070
24O15003071,24O15003071
24O15003072,24O15003072
24O15003073,24O15003073
24O15003074,24O15003074
24O15003075,24O15003075
24O15003076,24O15003076
24O15003077,24O15003077
24O15003078,24O15003078
24O15003079,24O15003079
24O15003080,24O15003080
24O15003081,24O15003081
24O15003082,24O15003082
24O15003083,24O15003083
24O15003084,24O15003084
24O15003085,24O15003085
24O15003086,24O15003086
24O15003087,24O15003087
24O15003088,24O15003088
24O15003089,24O15003089
24O15003090,24O15003090
24O15003091,24O15003091
24O15003092,24O15003092
24O15003093,24O15003093
24O15003094,24O15003094
24O15003095,24O15003095
24O15003096,24O15003096
24O15003097,24O15003097
24O15003098,24O15003098
24O15003099,24O15003099
24O15003100,24O15003100
24O15003101,24O15003101
24O15003102,24O15003102
24O15003103,24O15003103
24O15003104,24O15003104
24O15003105,24O15003105
24O15003106,24O15003106
24O15003107,24O15003107
24O15003108,24O15003108
24O15003109,24O15003109
24O15003110,24O15003110
24O15003111,24O15003111
24O15003112,24O15003112
24O15003113,24O15003113
24O15003114,24O15003114
24O15003115,24O15003115
24O15003116,24O15003116
24O15003117,24O15003117
24O15003118,24O15003118
24O15003119,24O15003119
24O15003120,24O15003120
24O15003121,24O15003121
24O15003122,24O15003122
24O15003123,24O15003123
24O15003124,24O15003124
24O15003125,24O15003125
24O15003126,24O15003126
24O15003127,24O15003127
24O15003128,24O15003128
24O15003129,24O15003129
24O15003130,24O15003130
24O15003131,24O15003131
24O15003132,24O15003132
24O15003133,24O15003133
24O15003134,24O15003134
24O15003135,24O15003135
24O15003136,24O15003136
24O15003137,24O15003137
24O15003138,24O15003138
24O15003139,24O15003139
24O15003140,24O15003140
24O15003141,24O15003141
24O15003142,24O15003142
24O15003143,24O15003143
24O15003144,24O15003144
24O15003145,24O15003145
24O15003146,24O15003146
24O15003147,24O15003147
24O15003148,24O15003148
24O15003149,24O15003149
24O15003150,24O15003150
24O15003151,24O15003151
24O15003152,24O15003152
24O15003153,24O15003153
24O15003154,24O15003154
24O15003155,24O15003155
24O15003156,24O15003156
24O15003157,24O15003157
24O15003158,24O15003158
24O15003159,24O15003159
24O15003160,24O15003160
24O15003161,24O15003161
24O15003162,24O15003162
24O15003163,24O15003163
24O15003164,24O15003164
24O15003165,24O15003165
24O15003166,24O15003166
24O15003167,24O15003167
24O15003168,24O15003168
24O15003169,24O15003169
24O15003170,24O15003170
24O15003171,24O15003171
24O15003172,24O15003172
24O15003173,24O15003173
24O15003174,24O15003174
24O15003175,24O15003175
24O15003176,24O15003176
24O15003177,24O15003177
24O15003178,24O15003178
24O15003179,24O15003179
24O15003180,24O15003180
24O15003181,24O15003181
24O15003182,24O15003182
24O15003183,24O15003183
24O15003184,24O15003184
24O15003185,24O15003185
24O15003186,24O15003186
24O15003187,24O15003187
24O15003188,24O15003188
24O15003189,24O15003189
24O15003190,24O15003190
24O15003191,24O15003191
24O15003192,24O15003192
24O15003193,24O15003193
24O15003194,24O15003194
24O15003195,24O15003195
24O15003196,24O15003196
24O15003197,24O15003197
24O15003198,24O15003198
24O15003199,24O15003199
24O15003200,24O15003200
24O15003201,24O15003201
24O15003202,24O15003202
24O15003203,24O15003203
24O15003204,24O15003204
24O15003205,24O15003205
24O15003206,24O15003206
24O15003207,24O15003207
24O15003208,24O15003208
24O15003209,24O15003209
24O15003210,24O15003210
24O15003211,24O15003211
24O15003212,24O15003212
24O15003213,24O15003213
24O15003214,24O15003214
24O15003215,24O15003215
24O15003216,24O15003216
24O15003217,24O15003217
24O15003218,24O15003218
24O15003219,24O15003219
24O15003220,24O15003220
24O15003221,24O15003221
24O15003222,24O15003222
24O15003223,24O15003223
24O15003224,24O15003224
24O15003225,24O15003225
24O15003226,24O15003226
24O15003227,24O15003227
24O15003228,24O15003228
24O15003229,24O15003229
24O15003230,24O15003230
24O15003231,24O15003231
24O15003232,24O15003232
24O15003233,24O15003233
24O15003234,24O15003234
24O15003235,24O15003235
24O15003236,24O15003236
24O15003237,24O15003237
24O15003238,24O15003238
24O15003239,24O15003239
24O15003240,24O15003240
24O15003241,24O15003241
24O15003242,24O15003242
24O15003243,24O15003243
24O15003244,24O15003244
24O15003245,24O15003245
24O15003246,24O15003246
24O15003247,24O15003247
24O15003248,24O15003248
24O15003249,24O15003249
24O15003250,24O15003250
24O15003251,24O15003251
24O15003252,24O15003252
24O15003253,24O15003253
24O15003254,24O15003254
24O15003255,24O15003255
24O15003256,24O15003256
24O15003257,24O15003257
24O15003258,24O15003258
24O15003259,24O15003259
24O15003260,24O15003260
24O15003261,24O15003261
24O15003262,24O15003262
24O15003263,24O15003263
24O15003264,24O15003264
24O15003265,24O15003265
24O15003266,24O15003266
24O15003267,24O15003267
24O15003268,24O15003268
24O15003269,24O15003269
24O15003270,24O15003270
24O15003271,24O15003271
24O15003272,24O15003272
24O15003273,24O15003273
24O15003274,24O15003274
24O15003275,24O15003275
24O15003276,24O15003276
24O15003277,24O15003277
24O15003278,24O15003278
24O15003279,24O15003279
24O15003280,24O15003280
24O15003281,24O15003281
24O15003282,24O15003282
24O15003283,24O15003283
24O15003284,24O15003284
24O15003285,24O15003285
24O15003286,24O15003286
24O15003287,24O15003287
24O15003288,24O15003288
24O15003289,24O15003289
24O15003290,24O15003290
24O15003291,24O15003291
24O15003292,24O15003292
24O15003293,24O15003293
24O15003294,24O15003294
24O15003295,24O15003295
24O15003296,24O15003296
24O15003297,24O15003297
24O15003298,24O15003298
24O15003299,24O15003299
24O15003300,24O15003300
24O15003301,24O15003301
24O15003302,24O15003302
24O15003303,24O15003303
24O15003304,24O15003304
24O15003305,24O15003305
24O15003306,24O15003306
24O15003307,24O15003307
24O15003308,24O15003308
24O15003309,24O15003309
24O15003310,24O15003310
24O15003311,24O15003311
24O15003312,24O15003312
24O15003313,24O15003313
24O15003314,24O15003314
24O15003315,24O15003315
24O15003316,24O15003316
24O15003317,24O15003317
24O15003318,24O15003318
24O15003319,24O15003319
24O15003320,24O15003320
24O15003321,24O15003321
24O15003322,24O15003322
24O15003323,24O15003323
24O15003324,24O15003324
24O15003325,24O15003325
24O15003326,24O15003326
24O15003327,24O15003327
24O15003328,24O15003328
24O15003329,24O15003329
24O15003330,24O15003330
24O15003331,24O15003331
24O15003332,24O15003332
24O15003333,24O15003333
24O15003334,24O15003334
24O15003335,24O15003335
24O15003336,24O15003336
24O15003337,24O15003337
24O15003338,24O15003338
24O15003339,24O15003339
24O15003340,24O15003340
24O15003341,24O15003341
24O15003342,24O15003342
24O15003343,24O15003343
24O15003344,24O15003344
24O15003345,24O15003345
24O15003346,24O15003346
24O15003347,24O15003347
24O15003348,24O15003348
24O15003349,24O15003349
24O15003350,24O15003350
24O15003351,24O15003351
24O15003352,24O15003352
24O15003353,24O15003353
24O15003354,24O15003354
24O15003355,24O15003355
24O15003356,24O15003356
24O15003357,24O15003357
24O15003358,24O15003358
24O15003359,24O15003359
24O15003360,24O15003360
24O15003361,24O15003361
24O15003362,24O15003362
24O15003363,24O15003363
24O15003364,24O15003364
24O15003365,24O15003365
24O15003366,24O15003366
24O15003367,24O15003367
24O15003368,24O15003368
24O15003369,24O15003369
24O15003370,24O15003370
24O15003371,24O15003371
24O15003372,24O15003372
24O15003373,24O15003373
24O15003374,24O15003374
24O15003375,24O15003375
24O15003376,24O15003376
24O15003377,24O15003377
24O15003378,24O15003378
24O15003379,24O15003379
24O15003380,24O15003380
24O15003381,24O15003381
24O15003382,24O15003382
24O15003383,24O15003383
24O15003384,24O15003384
24O15003385,24O15003385
24O15003386,24O15003386
24O15003387,24O15003387
24O15003388,24O15003388
24O15003389,24O15003389
24O15003390,24O15003390
24O15003391,24O15003391
24O15003392,24O15003392
24O15003393,24O15003393
24O15003394,24O15003394
24O15003394,
